Sender,Receiver,Crop,Date
jerots,kim,Papaya,Mar 22, 2015 2:54:13 AM
jerots,kim,Papaya,Mar 22, 2015 2:54:17 AM
jerots,kim,Papaya,Mar 22, 2015 2:54:19 AM
jerots,kim,Papaya,Mar 22, 2015 2:54:21 AM
jerots,kim,Papaya,Mar 22, 2015 2:54:24 AM
jerots,kim,Papaya,Mar 26, 2015 10:08:19 PM
jerots,kim,Pumpkin,Apr 2, 2015 9:15:17 PM
jerots,kim,Pumpkin,Apr 2, 2015 10:49:46 PM
jerots,kim,Papaya,Apr 4, 2015 7:21:46 AM
jerots,kim,Papaya,Apr 4, 2015 7:28:21 AM
jerots,kim,Papaya,Apr 4, 2015 7:31:54 AM
jerots,kim,Papaya,Apr 4, 2015 7:33:42 AM
jerots,momo,Papaya,Apr 4, 2015 7:34:31 AM
kevin,kim,Papaya,Apr 4, 2015 7:36:40 AM
kevin,jerots,Papaya,Apr 4, 2015 7:36:40 AM
kevin,jerots,Papaya,Apr 4, 2015 7:36:51 AM
kevin,kim,Papaya,Apr 4, 2015 7:36:51 AM
kevin,kim,Watermelon,Apr 4, 2015 7:37:08 AM
zz,kevin,Papaya,Apr 4, 2015 7:43:35 AM
zz,kevin,Papaya,Apr 4, 2015 7:43:40 AM
q,jerots,Papaya,Apr 4, 2015 7:47:02 AM
kim,jerots,Pumpkin,Apr 6, 2015 3:50:08 PM
kim,kevin,Pumpkin,Apr 6, 2015 3:50:49 PM
