Username,Full Name,Password,Gold,Exp
jerots,Jeremy Ong,aaa,10414,4378
momo,LAU MO MO,aaa,1000,0
wailoong,Au Wai Loong,123,1000,0
ericypz93,Eric Yeo,96429839,1000,0
macbook,macbookpro,12,1000,0
test,testing,a,1000,0
FFFFFyou,FFFFUYU,qwerty,1000,0
zzz,zz,zz,1000,0
a,a,a,1000,0
2,2,2,1000,0
1,1,1,1000,0
lkaj,alkjsl,s,1000,0
ericypz,eric yeo,999,1000,0
jweklgw,ewrgjkle,a,1000,0
kim,kim,12,1000,0
fatybombbomb,Jayne Ng,fattybombbomb,0,0
oh,12,12,1000,0
kevin,kevin steppe,123,4685,970
zz,zz,zz,1000,0
q,q,q,1000,0
m,m,m,1000,0
j,j,j,1000,0
gg,gg,gg,970,0
